{"0": {"A>T": 0.04, "A>C": 0.08, "A>G": 0.7058823529411765, "T>A": 0, "T>C": 0.8846153846153846, "T>G": 0, "C>A": 0.08823529411764706, "C>T": 0.275, "C>G": 0, "G>A": 1.0, "G>T": 0, "G>C": 0}, "1": {"A>T": 0, "A>C": 0, "A>G": 0.01875, "T>A": 0, "T>C": 0.13253012048192772, "T>G": 0, "C>A": 0.02702702702702703, "C>T": 0.028037383177570093, "C>G": 0, "G>A": 0, "G>T": 0, "G>C": 0}}