{"0": {"A>T": 0.07046194699270271, "A>C": 0.04051561952080405, "A>G": 0.1145006638631419, "T>A": 0.02395706197751892, "T>C": 0.2725115799942777, "T>G": 0.01197853098875946, "C>A": 0.019251210517649133, "C>T": 0.2983937630235616, "C>G": 0.0, "G>A": 0.14842962312158461, "G>T": 0.0, "G>C": 0.0}, "1": {"A>T": 0.0, "A>C": 0.0, "A>G": 0.09138671003727811, "T>A": 0.0, "T>C": 0.6419090596594355, "T>G": 0.0, "C>A": 0.13090528735069568, "C>T": 0.13579894295259082, "C>G": 0.0, "G>A": 0.0, "G>T": 0.0, "G>C": 0.0}}