{"0": {"A>T": 0.01299877077893602, "A>C": 0.02599754155787204, "A>G": 0.2293900725694592, "T>A": 0.0, "T>C": 0.28747281530339275, "T>G": 0.0, "C>A": 0.0286737590711824, "C>T": 0.0904977712457571, "C>G": 0.0, "G>A": 0.3249692694734005, "G>T": 0.0, "G>C": 0.0}, "1": {"A>T": 0.0, "A>C": 0.0, "A>G": 0.09138671003727811, "T>A": 0.0, "T>C": 0.6419090596594355, "T>G": 0.0, "C>A": 0.13090528735069568, "C>T": 0.13579894295259082, "C>G": 0.0, "G>A": 0.0, "G>T": 0.0, "G>C": 0.0}}