{"8": {"aAa>aTa": 0.0, "aAt>aTt": 0.0, "aAc>aTc": 0.0, "aAg>aTg": 0.0, "aAa>aCa": 0.0, "aAt>aCt": 0.0, "aAc>aCc": 0.0, "aAg>aCg": 0.0, "aAa>aGa": 0.004125947778182163, "aAt>aGt": 0.018337545680809617, "aAc>aGc": 0.008802021926788616, "aAg>aGg": 0.0, "aTa>aAa": 0.0, "aTt>aAt": 0.0, "aTc>aAc": 0.0, "aTg>aAg": 0.0, "aTa>aCa": 0.01100252740848577, "aTt>aCt": 0.007335018272323845, "aTc>aCc": 0.0, "aTg>aCg": 0.01467003654464769, "aTa>aGa": 0.0, "aTt>aGt": 0.0, "aTc>aGc": 0.0, "aTg>aGg": 0.0, "aCa>aAa": 0.0, "aCt>aAt": 0.0, "aCc>aAc": 0.0, "aCg>aAg": 0.0, "aCa>aTa": 0.023380370743032258, "aCt>aTt": 0.0013753159260607212, "aCc>aTc": 0.007335018272323845, "aCg>aTg": 0.00700160835085458, "aCa>aGa": 0.0, "aCt>aGt": 0.0, "aCc>aGc": 0.0, "aCg>aGg": 0.0, "aGa>aAa": 0.01100252740848577, "aGt>aAt": 0.0, "aGc>aAc": 0.0, "aGg>aAg": 0.0, "aGa>aTa": 0.0, "aGt>aTt": 0.0, "aGc>aTc": 0.0, "aGg>aTg": 0.0, "aGa>aCa": 0.0, "aGt>aCt": 0.0, "aGc>aCc": 0.0, "aGg>aCg": 0.0, "tAa>tTa": 0.0015717896297836812, "tAt>tTt": 0.0, "tAc>tTc": 0.007335018272323845, "tAg>tTg": 0.0015717896297836812, "tAa>tCa": 0.0, "tAt>tCt": 0.0, "tAc>tCc": 0.0, "tAg>tCg": 0.0, "tAa>tGa": 0.0036675091361619227, "tAt>tGt": 0.0027506318521214423, "tAc>tGc": 0.009780024363098461, "tAg>tGg": 0.004231741310956065, "tTa>tAa": 0.008251895556364327, "tTt>tAt": 0.0, "tTc>tAc": 0.0, "tTg>tAg": 0.0, "tTa>tCa": 0.01467003654464769, "tTt>tCt": 0.009627211482425048, "tTc>tCc": 0.03545258831623192, "tTg>tCg": 0.008382878025512967, "tTa>tGa": 0.0027506318521214423, "tTt>tGt": 0.0, "tTc>tGc": 0.0, "tTg>tGg": 0.0, "tCa>tAa": 0.0, "tCt>tAt": 0.0, "tCc>tAc": 0.0, "tCg>tAg": 0.0, "tCa>tTa": 0.01257431703826945, "tCt>tTt": 0.00323603747308405, "tCc>tTc": 0.007335018272323845, "tCg>tTg": 0.0047153688893510435, "tCa>tGa": 0.0, "tCt>tGt": 0.0, "tCc>tGc": 0.0, "tCg>tGg": 0.0, "tGa>tAa": 0.0036675091361619227, "tGt>tAt": 0.005501263704242885, "tGc>tAc": 0.0, "tGg>tAg": 0.14853412001455787, "tGa>tTa": 0.0, "tGt>tTt": 0.0, "tGc>tTc": 0.0, "tGg>tTg": 0.0, "tGa>tCa": 0.0, "tGt>tCt": 0.0, "tGc>tCc": 0.0, "tGg>tCg": 0.0, "cAa>cTa": 0.0, "cAt>cTt": 0.0, "cAc>cTc": 0.0, "cAg>cTg": 0.0, "cAa>cCa": 0.0, "cAt>cCt": 0.0018337545680809613, "cAc>cCc": 0.0, "cAg>cCg": 0.0, "cAa>cGa": 0.005501263704242885, "cAt>cGt": 0.0018337545680809613, "cAc>cGc": 0.005501263704242885, "cAg>cGg": 0.0020004595288155946, "cTa>cAa": 0.0, "cTt>cAt": 0.0, "cTc>cAc": 0.0036675091361619227, "cTg>cAg": 0.0, "cTa>cCa": 0.006287158519134725, "cTt>cCt": 0.010085650124445287, "cTc>cCc": 0.018337545680809617, "cTg>cCg": 0.006601516445091461, "cTa>cGa": 0.0, "cTt>cGt": 0.0, "cTc>cGc": 0.0036675091361619227, "cTg>cGg": 0.0, "cCa>cAa": 0.0, "cCt>cAt": 0.0024450060907746153, "cCc>cAc": 0.0, "cCg>cAg": 0.0, "cCa>cTa": 0.01100252740848577, "cCt>cTt": 0.008413697430018529, "cCc>cTc": 0.0027506318521214423, "cCg>cTg": 0.0036675091361619227, "cCa>cGa": 0.0, "cCt>cGt": 0.0, "cCc>cGc": 0.0, "cCg>cGg": 0.0, "cGa>cAa": 0.02200505481697154, "cGt>cAt": 0.0, "cGc>cAc": 0.027506318521214424, "cGg>cAg": 0.060513900746671734, "cGa>cTa": 0.0, "cGt>cTt": 0.0, "cGc>cTc": 0.0, "cGg>cTg": 0.0, "cGa>cCa": 0.0, "cGt>cCt": 0.0, "cGc>cCc": 0.0, "cGg>cCg": 0.01100252740848577, "gAa>gTa": 0.0, "gAt>gTt": 0.0, "gAc>gTc": 0.002200505481697154, "gAg>gTg": 0.0, "gAa>gCa": 0.0, "gAt>gCt": 0.0, "gAc>gCc": 0.0, "gAg>gCg": 0.0, "gAa>gGa": 0.0048900121815492305, "gAt>gGt": 0.01237784333454649, "gAc>gGc": 0.006601516445091461, "gAg>gGg": 0.01100252740848577, "gTa>gAa": 0.0, "gTt>gAt": 0.0, "gTc>gAc": 0.0, "gTg>gAg": 0.0, "gTa>gCa": 0.0, "gTt>gCt": 0.0, "gTc>gCc": 0.01100252740848577, "gTg>gCg": 0.01100252740848577, "gTa>gGa": 0.0, "gTt>gGt": 0.0, "gTc>gGc": 0.0, "gTg>gGg": 0.0, "gCa>gAa": 0.0, "gCt>gAt": 0.0, "gCc>gAc": 0.0, "gCg>gAg": 0.0, "gCa>gTa": 0.0, "gCt>gTt": 0.0027506318521214423, "gCc>gTc": 0.0, "gCg>gTg": 0.0, "gCa>gGa": 0.0, "gCt>gGt": 0.0, "gCc>gGc": 0.0, "gCg>gGg": 0.0, "gGa>gAa": 0.03850884592970019, "gGt>gAt": 0.23105307557820115, "gGc>gAc": 0.0, "gGg>gAg": 0.02200505481697154, "gGa>gTa": 0.0, "gGt>gTt": 0.0, "gGc>gTc": 0.0, "gGg>gTg": 0.0, "gGa>gCa": 0.0, "gGt>gCt": 0.02200505481697154, "gGc>gCc": 0.0, "gGg>gCg": 0.0}}