{"0": {"A>T": 0.04, "A>C": 0.08, "A>G": 0.5176470588235295, "T>A": 0, "T>C": 0.2727272727272727, "T>G": 0, "C>A": 0.029411764705882353, "C>T": 0.5061728395061729, "C>G": 0, "G>A": 0.8571428571428571, "G>T": 0, "G>C": 0}, "1": {"A>T": 0.0, "A>C": 0.0, "A>G": 0.0, "T>A": 0.0, "T>C": 0.0, "T>G": 0.0, "C>A": 0.0, "C>T": 0.0, "C>G": 0.0, "G>A": 0.0, "G>T": 0.0, "G>C": 0.0}}