{"0": {"A>T": 0.019522919162477437, "A>C": 0.03172474363902583, "A>G": 0.11591733252720977, "T>A": 0.036841637774352586, "T>C": 0.4052580155178784, "T>G": 0.018420818887176293, "C>A": 0.053903989191973097, "C>T": 0.24930595001287556, "C>G": 0.0011229997748327728, "G>A": 0.06798159351219822, "G>T": 0.0, "G>C": 0.0}, "1": {"A>T": 0.0, "A>C": 0.0, "A>G": 0.09138671003727811, "T>A": 0.0, "T>C": 0.6419090596594355, "T>G": 0.0, "C>A": 0.13090528735069568, "C>T": 0.13579894295259082, "C>G": 0.0, "G>A": 0.0, "G>T": 0.0, "G>C": 0.0}}