{"2": {"A>T": 0.020553664872349418, "A>C": 0.047958551368815314, "A>G": 0.05138416218087355, "T>A": 0.026809128094368806, "T>C": 0.3229861622797766, "T>G": 0.05361825618873761, "C>A": 0.06015706791907147, "C>T": 0.03363326979111723, "C>G": 0.03759816744941967, "G>A": 0.3453015698554703, "G>T": 0.0, "G>C": 0.0}, "6": {"A>T": 0.0, "A>C": 0.0, "A>G": 0.13524492597925547, "T>A": 0.0172234991204351, "T>C": 0.15733899196505577, "T>G": 0.0344469982408702, "C>A": 0.008142017766023864, "C>T": 0.08037632922869713, "C>G": 0.0, "G>A": 0.5672272376996625, "G>T": 0.0, "G>C": 0.0}, "10": {"A>T": 0.0, "A>C": 0.0, "A>G": 0.09757580363249488, "T>A": 0.0, "T>C": 0.0, "T>G": 0.0, "C>A": 0.0, "C>T": 0.12994908427692076, "C>G": 0.0, "G>A": 0.7724751120905844, "G>T": 0.0, "G>C": 0.0}, "17": {"A>T": 0.001678830018524515, "A>C": 0.01343064014819612, "A>G": 0.06780157647227283, "T>A": 0.0, "T>C": 0.13788790552148017, "T>G": 0.0, "C>A": 0.018960903738629818, "C>T": 0.08509653597897063, "C>G": 0.018960903738629818, "G>A": 0.6561827043832962, "G>T": 0.0, "G>C": 0.0}}