{"0": {"A>T": 0.017367881924807975, "A>C": 0.03473576384961595, "A>G": 0.22476082490927968, "T>A": 0.0, "T>C": 0.11841737676005436, "T>G": 0.0, "C>A": 0.01277050141529998, "C>T": 0.21977875275219969, "C>G": 0.0, "G>A": 0.3721688983887423, "G>T": 0.0, "G>C": 0.0}, "1": {"A>T": 0.0, "A>C": 0.0, "A>G": 0.09086744357903377, "T>A": 0.0, "T>C": 0.6422759064220862, "T>G": 0.0, "C>A": 0.13098009885266132, "C>T": 0.13587655114621874, "C>G": 0.0, "G>A": 0.0, "G>T": 0.0, "G>C": 0.0}}