{"0": {"A>T": 0.07220726624859705, "A>C": 0.0415191780929433, "A>G": 0.11733680765397021, "T>A": 0.024550470524523, "T>C": 0.2577799405074915, "T>G": 0.0122752352622615, "C>A": 0.019728056671491696, "C>T": 0.3024968689628727, "C>G": 0.0, "G>A": 0.152106176075849, "G>T": 0.0, "G>C": 0.0}, "1": {"A>T": 0.0, "A>C": 0.0, "A>G": 0.09138671003727811, "T>A": 0.0, "T>C": 0.6419090596594355, "T>G": 0.0, "C>A": 0.13090528735069568, "C>T": 0.13579894295259082, "C>G": 0.0, "G>A": 0.0, "G>T": 0.0, "G>C": 0.0}}